{
  "name": "ionic-datepicker",
  "version": "0.7.0",
  "authors": [
    "rajeshwarpatlolla <rajeshwar.patlolla@gmail.com>"
  ],
  "description": "A date picker component for ionic framework",
  "main": [
    "./dist/templates.js",
    "./dist/ionic-datepicker.js",
    "./dist/style.css"
  ],
  "keywords": [
    "ionic-datepicker",
    "ionic",
    "datepicker",
    "datepicker for ionic",
    "datepicker for ionic framework"
  ],
  "license": "MIT",
  "homepage": "https://github.com/rajeshwarpatlolla",
  "ignore": [
    "**/.*",
    "node_modules",
    "bower_components",
    "test",
    "tests"
  ],
  "dependencies": {
    "ionic": ">=0.9.27"
  },
  "_release": "0.7.0",
  "_resolution": {
    "type": "version",
    "tag": "v0.7.0",
    "commit": "b6f2dbf1094fa8a848bee3b3cabe158132852586"
  },
  "_source": "git://github.com/rajeshwarpatlolla/ionic-datepicker.git",
  "_target": "~0.7.0",
  "_originalSource": "ionic-datepicker",
  "_direct": true
}