{
    "prepare_queue": {
        "installed": [],
        "uninstalled": []
    },
    "config_munge": {
        "files": {
            "config.xml": {
                "parents": {
                    "/*": [
                        {
                            "xml": "<feature name=\"Keyboard\"><param name=\"ios-package\" onload=\"true\" value=\"IonicKeyboard\" /></feature>",
                            "count": 1
                        },
                        {
                            "xml": "<feature name=\"Console\"><param name=\"ios-package\" value=\"CDVLogger\" /></feature>",
                            "count": 1
                        },
                        {
                            "xml": "<feature name=\"Device\"><param name=\"ios-package\" value=\"CDVDevice\" /></feature>",
                            "count": 1
                        },
                        {
                            "xml": "<feature name=\"SplashScreen\"><param name=\"ios-package\" value=\"CDVSplashScreen\" /><param name=\"onload\" value=\"true\" /></feature>",
                            "count": 1
                        },
                        {
                            "xml": "<feature name=\"Notification\"><param name=\"ios-package\" value=\"CDVNotification\" /></feature>",
                            "count": 1
                        },
                        {
                            "xml": "<feature name=\"InAppBrowser\"><param name=\"ios-package\" value=\"CDVInAppBrowser\" /></feature>",
                            "count": 1
                        }
                    ]
                }
            }
        }
    },
    "installed_plugins": {
        "com.ionic.keyboard": {
            "PACKAGE_NAME": "com.ionicframework.torest206022"
        },
        "cordova-plugin-console": {
            "PACKAGE_NAME": "com.ionicframework.torest206022"
        },
        "cordova-plugin-device": {
            "PACKAGE_NAME": "com.ionicframework.torest206022"
        },
        "cordova-plugin-splashscreen": {
            "PACKAGE_NAME": "com.ionicframework.torest206022"
        },
        "cordova-plugin-whitelist": {
            "PACKAGE_NAME": "com.ionicframework.torest206022"
        },
        "org.apache.cordova.dialogs": {
            "PACKAGE_NAME": "com.ionicframework.torest206022"
        },
        "org.apache.cordova.inappbrowser": {
            "PACKAGE_NAME": "com.ionicframework.torest206022"
        }
    },
    "dependent_plugins": {},
    "modules": [
        {
            "file": "plugins/com.ionic.keyboard/www/keyboard.js",
            "id": "com.ionic.keyboard.keyboard",
            "pluginId": "com.ionic.keyboard",
            "clobbers": [
                "cordova.plugins.Keyboard"
            ]
        },
        {
            "file": "plugins/cordova-plugin-console/www/logger.js",
            "id": "cordova-plugin-console.logger",
            "pluginId": "cordova-plugin-console",
            "clobbers": [
                "cordova.logger"
            ]
        },
        {
            "file": "plugins/cordova-plugin-console/www/console-via-logger.js",
            "id": "cordova-plugin-console.console",
            "pluginId": "cordova-plugin-console",
            "clobbers": [
                "console"
            ]
        },
        {
            "file": "plugins/cordova-plugin-device/www/device.js",
            "id": "cordova-plugin-device.device",
            "pluginId": "cordova-plugin-device",
            "clobbers": [
                "device"
            ]
        },
        {
            "file": "plugins/cordova-plugin-splashscreen/www/splashscreen.js",
            "id": "cordova-plugin-splashscreen.SplashScreen",
            "pluginId": "cordova-plugin-splashscreen",
            "clobbers": [
                "navigator.splashscreen"
            ]
        },
        {
            "file": "plugins/org.apache.cordova.dialogs/www/notification.js",
            "id": "org.apache.cordova.dialogs.notification",
            "pluginId": "org.apache.cordova.dialogs",
            "merges": [
                "navigator.notification"
            ]
        },
        {
            "file": "plugins/org.apache.cordova.inappbrowser/www/inappbrowser.js",
            "id": "org.apache.cordova.inappbrowser.inappbrowser",
            "pluginId": "org.apache.cordova.inappbrowser",
            "clobbers": [
                "window.open"
            ]
        }
    ],
    "plugin_metadata": {
        "com.ionic.keyboard": "1.0.4",
        "cordova-plugin-console": "1.0.1",
        "cordova-plugin-device": "1.0.1",
        "cordova-plugin-splashscreen": "2.1.0",
        "cordova-plugin-whitelist": "1.0.0",
        "org.apache.cordova.dialogs": "0.3.0",
        "org.apache.cordova.inappbrowser": "0.6.0"
    }
}